order_id,customer_id,order_date,order_amount,order_status
101,1,2024-06-01,120.50,COMPLETED
102,1,2024-06-15,45.00,COMPLETED
103,2,2024-06-03,300.00,COMPLETED
104,3,2024-06-05,75.25,CANCELLED
105,4,2024-06-06,15.99,COMPLETED
106,5,2024-06-07,210.00,COMPLETED
107,6,2024-06-08,60.00,PENDING
108,7,2024-06-09,99.99,COMPLETED
109,8,2024-06-10,150.00,COMPLETED
110,9,2024-06-11,40.00,CANCELLED
111,10,2024-06-12,88.50,COMPLETED
112,10,2024-06-20,22.10,COMPLETED
113,11,2024-06-13,175.00,COMPLETED
114,12,2024-06-14,60.75,PENDING
115,13,2024-06-16,310.20,COMPLETED
116,14,2024-06-17,45.45,COMPLETED
117,15,2024-06-18,29.99,COMPLETED
118,2,2024-06-19,130.00,COMPLETED
119,3,2024-06-21,18.00,COMPLETED
120,5,2024-06-22,225.00,PENDING
121,6,2024-06-23,55.55,COMPLETED
122,7,2024-06-24,77.00,COMPLETED
123,8,2024-06-25,142.30,COMPLETED
124,9,2024-06-26,33.33,CANCELLED
125,11,2024-06-27,190.00,COMPLETED
126,13,2024-06-28,275.10,COMPLETED
127,14,2024-06-29,52.00,COMPLETED
128,15,2024-06-30,61.61,COMPLETED
129,1,2024-07-01,205.00,COMPLETED
130,4,2024-07-02,19.99,COMPLETED
